test_id	test_source_row	test_label	train_id	train_source_row	train_label	token_jaccard	char5_jaccard	rapidfuzz_ratio	adjudication	subtype_assist
test:00002095	2095	irony	train:00022088	22088	irony	0.9090909090909092	0.8875	0.9433962264150944	CONFIRMED_FAMILY	same_source_template_variant
test:00002442	2442	irony	train:00025309	25309	irony	0.8666666666666667	0.8867924528301887	0.9395348837209302	CONFIRMED_FAMILY	same_source_template_variant
test:00002868	2868	irony	train:00029456	29456	irony	0.8571428571428571	0.851063829787234	0.9263157894736842	CONFIRMED_FAMILY	same_source_template_variant
test:00002983	2983	irony	train:00033313	33313	irony	1.0	0.9827586206896552	0.9921259842519686	CONFIRMED_FAMILY	same_message_or_decorative_variant
test:00003054	3054	irony	train:00031234	31234	irony	0.9	0.7619047619047619	0.9243697478991596	CONFIRMED_FAMILY	same_source_template_variant
test:00003070	3070	irony	train:00031558	31558	irony	0.8181818181818182	0.8135593220338984	0.9043478260869564	CONFIRMED_FAMILY	same_source_template_variant
test:00003123	3123	irony	train:00026938	26938	irony	1.0	1.0	0.9666666666666668	CONFIRMED_FAMILY	same_message_or_decorative_variant
test:00003486	3486	irony	train:00035508	35508	irony	1.0	0.845360824742268	0.90625	CONFIRMED_FAMILY	same_message_or_decorative_variant
test:00003746	3746	irony	train:00038171	38171	irony	0.9166666666666666	0.8493150684931506	0.923076923076923	CONFIRMED_FAMILY	same_source_template_variant
test:00003877	3877	irony	train:00036973	36973	irony	0.9285714285714286	0.8571428571428571	0.9324324324324323	CONFIRMED_FAMILY	same_source_template_variant
test:00003924	3924	irony	train:00040847	40847	irony	1.0	0.8	0.851063829787234	CONFIRMED_FAMILY	same_message_or_decorative_variant
test:00004032	4032	irony	train:00041232	41232	irony	1.0	0.922077922077922	0.9753086419753086	CONFIRMED_FAMILY	same_message_or_decorative_variant
test:00004054	4054	irony	train:00041564	41564	irony	0.9166666666666666	0.8762886597938144	0.922279792746114	CONFIRMED_FAMILY	same_source_template_variant
test:00004073	4073	irony	train:00041164	41164	irony	1.0	0.9915254237288136	0.9959183673469388	CONFIRMED_FAMILY	same_message_or_decorative_variant
test:00004088	4088	irony	train:00041562	41562	irony	1.0	0.8	0.8888888888888888	CONFIRMED_FAMILY	same_message_or_decorative_variant
test:00004148	4148	irony	train:00041841	41841	irony	0.9	0.8	0.8741721854304636	CONFIRMED_FAMILY	same_source_template_variant
test:00004169	4169	regular	train:00042572	42572	regular	0.8	0.8108108108108109	0.9488372093023256	CONFIRMED_FAMILY	same_source_template_variant
test:00004173	4173	regular	train:00042473	42473	regular	0.7692307692307693	0.7636363636363637	0.9523809523809522	CONFIRMED_FAMILY	same_source_template_variant
test:00004177	4177	regular	train:00042375	42375	regular	0.8461538461538461	0.794392523364486	0.9411764705882352	CONFIRMED_FAMILY	same_source_template_variant
test:00004237	4237	regular	train:00043238	43238	regular	0.8571428571428571	0.8837209302325582	0.9882352941176472	CONFIRMED_FAMILY	same_message_or_decorative_variant
test:00004251	4251	regular	train:00043238	43238	regular	0.8571428571428571	0.8837209302325582	0.9882352941176472	CONFIRMED_FAMILY	same_message_or_decorative_variant
test:00004271	4271	regular	train:00042964	42964	regular	0.9090909090909092	0.84	0.961038961038961	CONFIRMED_FAMILY	same_source_template_variant
test:00004285	4285	regular	train:00046186	46186	regular	0.8181818181818182	0.8484848484848485	0.9852941176470588	CONFIRMED_FAMILY	same_message_or_decorative_variant
test:00004288	4288	regular	train:00043857	43857	regular	0.8421052631578947	0.7345132743362832	0.9215686274509804	CONFIRMED_FAMILY	same_source_template_variant
test:00004305	4305	regular	train:00043874	43874	regular	0.8235294117647058	0.7247706422018348	0.9387755102040816	CONFIRMED_FAMILY	same_source_template_variant
test:00004332	4332	regular	train:00045236	45236	regular	0.8888888888888888	0.808	0.95	CONFIRMED_FAMILY	same_source_template_variant
test:00004365	4365	regular	train:00047338	47338	regular	0.8461538461538461	0.8804347826086957	0.9844559585492229	CONFIRMED_FAMILY	same_message_or_decorative_variant
test:00004391	4391	regular	train:00044649	44649	regular	0.9	0.8857142857142857	0.971830985915493	CONFIRMED_FAMILY	same_message_or_decorative_variant
test:00004394	4394	regular	train:00047770	47770	regular	0.7894736842105263	0.8548387096774194	0.9666666666666668	CONFIRMED_FAMILY	same_source_template_variant
test:00004405	4405	regular	train:00044275	44275	regular	0.8571428571428571	0.7631578947368421	0.9333333333333332	CONFIRMED_FAMILY	same_source_template_variant
test:00004410	4410	regular	train:00044715	44715	regular	0.8888888888888888	0.8070175438596491	0.9189189189189187	CONFIRMED_FAMILY	same_source_template_variant
test:00004429	4429	regular	train:00046981	46981	regular	1.0	1.0	0.972222222222222	CONFIRMED_FAMILY	same_message_or_decorative_variant
test:00004435	4435	regular	train:00046288	46288	regular	0.8461538461538461	0.8901098901098901	0.99009900990099	CONFIRMED_FAMILY	same_message_or_decorative_variant
test:00004487	4487	regular	train:00045588	45588	regular	0.9375	0.8416666666666667	0.9523809523809522	CONFIRMED_FAMILY	same_source_template_variant
test:00004562	4562	regular	train:00046551	46551	regular	0.9166666666666666	0.8913043478260869	0.9504950495049505	CONFIRMED_FAMILY	same_source_template_variant
test:00004563	4563	regular	train:00054020	54020	regular	1.0	0.9636363636363636	0.9833333333333332	CONFIRMED_FAMILY	same_message_or_decorative_variant
test:00004567	4567	regular	train:00046035	46035	regular	0.8181818181818182	0.8461538461538461	0.984375	CONFIRMED_FAMILY	same_message_or_decorative_variant
test:00004568	4568	regular	train:00046469	46469	regular	0.8461538461538461	0.8390804597701149	0.9479166666666664	CONFIRMED_FAMILY	same_source_template_variant
test:00004600	4600	regular	train:00044525	44525	regular	0.8461538461538461	0.8421052631578947	0.9767441860465116	CONFIRMED_FAMILY	same_message_or_decorative_variant
test:00004624	4624	regular	train:00046552	46552	regular	1.0	0.9895833333333334	0.9950738916256158	CONFIRMED_FAMILY	same_message_or_decorative_variant
test:00004654	4654	regular	train:00044895	44895	regular	1.0	0.9285714285714286	0.9833333333333332	CONFIRMED_FAMILY	same_message_or_decorative_variant
test:00004672	4672	regular	train:00047404	47404	regular	0.9285714285714286	0.9111111111111112	0.9444444444444444	CONFIRMED_FAMILY	same_source_template_variant
test:00004681	4681	regular	train:00047404	47404	regular	0.9285714285714286	0.8279569892473119	0.8426966292134833	CONFIRMED_FAMILY	same_source_template_variant
test:00004683	4683	regular	train:00044797	44797	regular	1.0	0.9285714285714286	0.9833333333333332	CONFIRMED_FAMILY	same_message_or_decorative_variant
test:00004690	4690	regular	train:00047320	47320	regular	0.7142857142857143	0.75	0.9534883720930232	CONFIRMED_FAMILY	same_source_template_variant
test:00004724	4724	regular	train:00047320	47320	regular	0.7142857142857143	0.75	0.9651162790697676	CONFIRMED_FAMILY	same_source_template_variant
test:00004790	4790	regular	train:00043153	43153	regular	1.0	0.9285714285714286	0.9833333333333332	CONFIRMED_FAMILY	same_message_or_decorative_variant
test:00004809	4809	regular	train:00046359	46359	regular	1.0	0.9636363636363636	0.9833333333333332	CONFIRMED_FAMILY	same_message_or_decorative_variant
test:00004816	4816	regular	train:00049953	49953	regular	0.9130434782608696	0.8991596638655462	0.94017094017094	CONFIRMED_FAMILY	same_source_template_variant
test:00004840	4840	regular	train:00047713	47713	regular	0.875	0.88	0.9805825242718448	CONFIRMED_FAMILY	same_message_or_decorative_variant
test:00004930	4930	regular	train:00054273	54273	regular	0.8571428571428571	0.8454545454545455	0.967741935483871	CONFIRMED_FAMILY	same_source_template_variant
test:00004961	4961	regular	train:00054273	54273	regular	0.8571428571428571	0.8532110091743119	0.972222222222222	CONFIRMED_FAMILY	same_message_or_decorative_variant
test:00004994	4994	regular	train:00051996	51996	regular	0.8181818181818182	0.7261904761904762	0.9290322580645162	CONFIRMED_FAMILY	same_source_template_variant
test:00004999	4999	regular	train:00049521	49521	regular	1.0	0.9636363636363636	0.9833333333333332	CONFIRMED_FAMILY	same_message_or_decorative_variant
test:00005081	5081	regular	train:00055914	55914	regular	0.8666666666666667	0.8712871287128713	0.9315068493150684	CONFIRMED_FAMILY	same_source_template_variant
test:00005108	5108	regular	train:00059136	59136	regular	1.0	0.95	0.9761904761904762	CONFIRMED_FAMILY	same_message_or_decorative_variant
test:00005140	5140	regular	train:00052337	52337	regular	0.9230769230769232	0.8924731182795699	0.9565217391304348	CONFIRMED_FAMILY	same_source_template_variant
test:00005150	5150	regular	train:00052121	52121	regular	0.8823529411764706	0.825	0.9519650655021834	CONFIRMED_FAMILY	same_source_template_variant
test:00005176	5176	regular	train:00052740	52740	regular	0.8421052631578947	0.7368421052631579	0.941747572815534	CONFIRMED_FAMILY	same_source_template_variant
test:00005247	5247	regular	train:00053259	53259	regular	0.9230769230769232	0.8823529411764706	0.9404761904761904	CONFIRMED_FAMILY	same_source_template_variant
test:00005267	5267	regular	train:00058447	58447	regular	1.0	0.9611650485436892	0.9814814814814816	CONFIRMED_FAMILY	same_message_or_decorative_variant
test:00005305	5305	regular	train:00054232	54232	regular	0.9285714285714286	0.951219512195122	0.9767441860465116	CONFIRMED_FAMILY	same_message_or_decorative_variant
test:00005360	5360	regular	train:00054439	54439	regular	0.9230769230769232	0.9101123595505618	0.9666666666666668	CONFIRMED_FAMILY	same_source_template_variant
test:00005532	5532	regular	train:00056452	56452	regular	0.8571428571428571	0.7101449275362319	0.9393939393939392	CONFIRMED_FAMILY	same_source_template_variant
test:00005590	5590	regular	train:00044920	44920	regular	0.8571428571428571	0.7835051546391752	0.9346733668341708	CONFIRMED_FAMILY	same_source_template_variant
test:00005600	5600	regular	train:00057124	57124	regular	0.9166666666666666	0.873015873015873	0.9701492537313432	CONFIRMED_FAMILY	same_message_or_decorative_variant
test:00005652	5652	regular	train:00057155	57155	regular	0.9166666666666666	0.9	0.925925925925926	CONFIRMED_FAMILY	same_source_template_variant
test:00005656	5656	regular	train:00058283	58283	regular	0.9285714285714286	0.8	0.8839779005524862	CONFIRMED_FAMILY	same_source_template_variant
test:00005713	5713	regular	train:00057435	57435	regular	1.0	0.8860759493670886	0.9808917197452228	CONFIRMED_FAMILY	same_message_or_decorative_variant
test:00005741	5741	regular	train:00058518	58518	regular	0.9375	0.9142857142857144	0.9473684210526316	CONFIRMED_FAMILY	same_source_template_variant
test:00005755	5755	regular	train:00056146	56146	regular	0.85	0.6906474820143885	0.9387755102040816	CONFIRMED_FAMILY	same_source_template_variant
test:00005780	5780	regular	train:00059135	59135	regular	0.8571428571428571	0.8018018018018018	0.8962264150943396	CONFIRMED_FAMILY	same_source_template_variant
test:00005781	5781	regular	train:00059623	59623	regular	0.8461538461538461	0.8317757009345794	0.961904761904762	CONFIRMED_FAMILY	same_source_template_variant
test:00005837	5837	regular	train:00050604	50604	regular	0.7333333333333333	0.7672413793103449	0.9497716894977168	CONFIRMED_FAMILY	same_source_template_variant
test:00005885	5885	regular	train:00059593	59593	regular	0.9090909090909092	0.8166666666666667	0.923076923076923	CONFIRMED_FAMILY	same_source_template_variant
test:00005945	5945	regular	train:00060137	60137	regular	0.9375	0.912087912087912	0.9347826086956522	CONFIRMED_FAMILY	same_source_template_variant
test:00005986	5986	regular	train:00060505	60505	regular	0.8571428571428571	0.8636363636363636	0.9680365296803654	CONFIRMED_FAMILY	same_source_template_variant
test:00006135	6135	sarcasm	train:00061579	61579	sarcasm	0.9	0.819047619047619	0.9346733668341708	CONFIRMED_FAMILY	same_source_template_variant
test:00006212	6212	sarcasm	train:00062319	62319	sarcasm	0.9285714285714286	0.8173076923076923	0.9441624365482232	CONFIRMED_FAMILY	same_source_template_variant
test:00006264	6264	sarcasm	train:00067751	67751	sarcasm	1.0	0.8857142857142857	0.9863013698630136	CONFIRMED_FAMILY	same_message_or_decorative_variant
test:00006302	6302	sarcasm	train:00063613	63613	sarcasm	1.0	0.8518518518518519	0.9382716049382716	CONFIRMED_FAMILY	same_message_or_decorative_variant
test:00007140	7140	sarcasm	train:00072601	72601	sarcasm	1.0	0.9545454545454546	0.9803921568627452	CONFIRMED_FAMILY	same_message_or_decorative_variant
test:00007421	7421	sarcasm	train:00070480	70480	sarcasm	0.8571428571428571	0.8333333333333334	0.913907284768212	CONFIRMED_FAMILY	same_source_template_variant
test:00007879	7879	sarcasm	train:00079402	79402	sarcasm	1.0	0.9285714285714286	0.95	CONFIRMED_FAMILY	same_message_or_decorative_variant
test:00008118	8118	sarcasm	train:00081173	81173	sarcasm	0.9285714285714286	0.8478260869565217	0.9222222222222224	CONFIRMED_FAMILY	same_source_template_variant
